{
  "Ansi 7 Color (Light)" : {
    "Red Component" : 0.77524547610225569,
    "Color Space" : "P3",
    "Blue Component" : 1.0000040784998538,
    "Alpha Component" : 1,
    "Green Component" : 0.64902392975265699
  },
  "Brighten Bold Text (Light)" : true,
  "Ansi 15 Color (Light)" : {
    "Red Component" : 0.95273799710321849,
    "Color Space" : "P3",
    "Blue Component" : 1.0000002632989646,
    "Alpha Component" : 1,
    "Green Component" : 0.93164281844524932
  },
  "Ansi 2 Color (Light)" : {
    "Red Component" : 0.52803188447594063,
    "Color Space" : "P3",
    "Blue Component" : 0.39233291019237393,
    "Alpha Component" : 1,
    "Green Component" : 0.75884161666840766
  },
  "Bold Color" : {
    "Red Component" : 0.062745101749897003,
    "Color Space" : "sRGB",
    "Blue Component" : 0.062745101749897003,
    "Alpha Component" : 1,
    "Green Component" : 0.062745101749897003
  },
  "Ansi 1 Color (Dark)" : {
    "Red Component" : 0.92941176470588238,
    "Color Space" : "P3",
    "Blue Component" : 0.46666666666666667,
    "Alpha Component" : 1,
    "Green Component" : 0.40000000000000002
  },
  "Use Bright Bold" : true,
  "Ansi 9 Color (Light)" : {
    "Red Component" : 0.95626995113606472,
    "Color Space" : "P3",
    "Blue Component" : 0.70213902635181036,
    "Alpha Component" : 1,
    "Green Component" : 0.68585579497100579
  },
  "Ansi 8 Color (Dark)" : {
    "Red Component" : 0.64488691091537476,
    "Color Space" : "P3",
    "Blue Component" : 0.96888774633407593,
    "Alpha Component" : 1,
    "Green Component" : 0.47072863578796387
  },
  "Use Bright Bold (Dark)" : true,
  "Background Color" : {
    "Red Component" : 0.97999999999999998,
    "Color Space" : "sRGB",
    "Blue Component" : 0.97999999999999998,
    "Alpha Component" : 1,
    "Green Component" : 0.97999999999999998
  },
  "Ansi 8 Color" : {
    "Red Component" : 0.40781760215759277,
    "Color Space" : "sRGB",
    "Blue Component" : 0.4078223705291748,
    "Alpha Component" : 1,
    "Green Component" : 0.40782788395881653
  },
  "Columns" : 100,
  "Right Option Key Sends" : 0,
  "Ansi 4 Color (Light)" : {
    "Red Component" : 0.51080646348798364,
    "Color Space" : "P3",
    "Blue Component" : 0.93006877170678404,
    "Alpha Component" : 1,
    "Green Component" : 0.69448667528303365
  },
  "Blinking Cursor" : false,
  "Space" : 0,
  "Selected Text Color (Light)" : {
    "Red Component" : 0.77524547610225569,
    "Color Space" : "P3",
    "Blue Component" : 1.0000040784998538,
    "Alpha Component" : 1,
    "Green Component" : 0.64902392975265699
  },
  "Selected Text Color (Dark)" : {
    "Red Component" : 0.77524547610225569,
    "Color Space" : "P3",
    "Blue Component" : 1.0000040784998538,
    "Alpha Component" : 1,
    "Green Component" : 0.64902392975265699
  },
  "Ansi 3 Color (Dark)" : {
    "Red Component" : 0.87450980392156863,
    "Color Space" : "P3",
    "Blue Component" : 0.24313725490196078,
    "Alpha Component" : 1,
    "Green Component" : 0.63137254901960782
  },
  "Keyboard Map" : {

  },
  "Visual Bell" : true,
  "Cursor Text Color" : {
    "Red Component" : 1,
    "Color Space" : "sRGB",
    "Blue Component" : 1,
    "Alpha Component" : 1,
    "Green Component" : 1
  },
  "Scrollback Lines" : 1000,
  "Selection Color (Light)" : {
    "Red Component" : 0.41624191131753885,
    "Color Space" : "P3",
    "Blue Component" : 0.73268818323046991,
    "Alpha Component" : 1,
    "Green Component" : 0.0021050258796327091
  },
  "Ansi 0 Color" : {
    "Red Component" : 0.078431375324726105,
    "Color Space" : "sRGB",
    "Blue Component" : 0.11764705926179886,
    "Alpha Component" : 1,
    "Green Component" : 0.098039217293262482
  },
  "Match Background Color (Dark)" : {
    "Red Component" : 0.18316656857911837,
    "Color Space" : "P3",
    "Blue Component" : 0.34309912319939889,
    "Alpha Component" : 1,
    "Green Component" : 0.00040924744558659421
  },
  "Ansi 11 Color (Light)" : {
    "Red Component" : 0.92692188398261477,
    "Color Space" : "P3",
    "Blue Component" : 0.45123760535552432,
    "Alpha Component" : 1,
    "Green Component" : 0.72996389457896005
  },
  "Ansi 5 Color (Dark)" : {
    "Red Component" : 0.80297130279220763,
    "Color Space" : "P3",
    "Blue Component" : 0.90185375531291134,
    "Alpha Component" : 1,
    "Green Component" : 0.5816426871730539
  },
  "Cursor Text Color (Light)" : {
    "Red Component" : 0.77524547610225569,
    "Color Space" : "P3",
    "Blue Component" : 1.0000040784998538,
    "Alpha Component" : 1,
    "Green Component" : 0.64902392975265699
  },
  "Silence Bell" : false,
  "Rows" : 20,
  "Guid" : "6385320A-7BB2-49E9-83DD-63D524EFD357",
  "Ansi 14 Color (Dark)" : {
    "Red Component" : 0.41085269419312542,
    "Color Space" : "P3",
    "Blue Component" : 0.84852306555511747,
    "Alpha Component" : 1,
    "Green Component" : 0.85022657199618956
  },
  "Use Cursor Guide (Dark)" : false,
  "Ansi 15 Color (Dark)" : {
    "Red Component" : 0.95273799710321849,
    "Color Space" : "P3",
    "Blue Component" : 1.0000002632989646,
    "Alpha Component" : 1,
    "Green Component" : 0.93164281844524932
  },
  "Ansi 0 Color (Dark)" : {
    "Red Component" : 0.066666666666666666,
    "Color Space" : "P3",
    "Blue Component" : 0.12549019607843137,
    "Alpha Component" : 1,
    "Green Component" : 0.015686274509803921
  },
  "Ambiguous Double Width" : false,
  "Option Key Sends" : 2,
  "Ansi 3 Color" : {
    "Red Component" : 0.78058648109436035,
    "Color Space" : "sRGB",
    "Blue Component" : 0,
    "Alpha Component" : 1,
    "Green Component" : 0.76959484815597534
  },
  "Window Type" : 0,
  "Smart Cursor Color (Dark)" : false,
  "BM Growl" : true,
  "Prompt Before Closing 2" : false,
  "Command" : "",
  "Smart Cursor Color (Light)" : false,
  "Use Bright Bold (Light)" : true,
  "Use Selected Text Color (Light)" : true,
  "Selected Text Color" : {
    "Red Component" : 0,
    "Color Space" : "sRGB",
    "Blue Component" : 0,
    "Alpha Component" : 1,
    "Green Component" : 0
  },
  "Ansi 14 Color (Light)" : {
    "Red Component" : 0.41085269419312542,
    "Color Space" : "P3",
    "Blue Component" : 0.84852306555511747,
    "Alpha Component" : 1,
    "Green Component" : 0.85022657199618956
  },
  "Cursor Guide Color (Dark)" : {
    "Red Component" : 0.41085269419312542,
    "Color Space" : "P3",
    "Blue Component" : 0.84852306555511747,
    "Alpha Component" : 0.5,
    "Green Component" : 0.85022657199618956
  },
  "ASCII Ligatures" : false,
  "Send Code When Idle" : false,
  "Ansi 6 Color" : {
    "Red Component" : 0,
    "Color Space" : "sRGB",
    "Blue Component" : 0.78166204690933228,
    "Alpha Component" : 1,
    "Green Component" : 0.77425903081893921
  },
  "Jobs to Ignore" : [
    "rlogin",
    "ssh",
    "slogin",
    "telnet"
  ],
  "Badge Color (Dark)" : {
    "Red Component" : 0.93215100833562325,
    "Color Space" : "P3",
    "Blue Component" : 0.59031059288773213,
    "Alpha Component" : 0.5,
    "Green Component" : 0.56022751097901624
  },
  "Use Underline Color (Light)" : false,
  "Cursor Color" : {
    "Red Component" : 0,
    "Color Space" : "sRGB",
    "Blue Component" : 0,
    "Alpha Component" : 1,
    "Green Component" : 0
  },
  "Vertical Spacing" : 1,
  "Minimum Contrast (Light)" : 0,
  "Disable Window Resizing" : true,
  "Use Selected Text Color (Dark)" : true,
  "Close Sessions On End" : true,
  "Selection Color (Dark)" : {
    "Red Component" : 0.41624191131753885,
    "Color Space" : "P3",
    "Blue Component" : 0.73268818323046991,
    "Alpha Component" : 1,
    "Green Component" : 0.0021050258796327091
  },
  "Default Bookmark" : "No",
  "Minimum Contrast (Dark)" : 0,
  "Custom Command" : "No",
  "Foreground Color (Light)" : {
    "Red Component" : 0.90654180375936211,
    "Color Space" : "P3",
    "Blue Component" : 1.0000010146482843,
    "Alpha Component" : 1,
    "Green Component" : 0.86273397624157655
  },